{"sane": true, "normalizes": true, "range": true, "log_prob": -1405.89406645298, "avg_log_prob": -2.81178813290596, "perplexity": 16.63964553039017}